Référence produit;Catégorie;Marque;Nom produit;Prix;Url image;Commentaire;
Cae1;Femme - chemise;Cae;Oxalis #1;129 €;http://www.cae-store.com/wp-content/uploads/2015/06/Chemise-en-jean-devant-femme2-325x600.jpg;Chemise coupe droite;
Cae2;Femme - chemise;Cae;Oxalis #2;129 €;http://www.cae-store.com/wp-content/uploads/2015/06/chemise-oversize-devant-femme2-325x600.jpg;Chemise coupe droite;
Cae3;Femme - chemise;Cae;Oxalis #3;129 €;http://www.cae-store.com/wp-content/uploads/2015/07/Chemise-manches-raglan-devant-femme2-e1438266324292-325x600.jpg;Chemise coupe droite;
Cae4;Femme - Manteaux;Cae;Chardon #1;159 €;http://www.cae-store.com/wp-content/uploads/2015/06/Caban-devant-Femme2-325x600.jpg;Caban coupe e?vase?e;
Cae5;Femme - Manteaux;Cae;Chardon #2;149 €;http://www.cae-store.com/wp-content/uploads/2015/06/DSC_9639b-325x600.jpg;Blouse manches 3?4;
Cae6;Femme - Manteaux;Cae;Chardon #3;159 €;http://www.cae-store.com/wp-content/uploads/2015/06/DSC_9672b-325x600.jpg;Veste coupe droite;
Cae7;Femme - Manteaux;Cae;Chardon #4;159 €;http://www.cae-store.com/wp-content/uploads/2015/06/DSC_9630b-325x600.jpg;Veste coupe droite avec col en velours;
Cae8;Femme - Manteaux;Cae;Chardon #5;349 €;http://www.cae-store.com/wp-content/uploads/2015/07/DSC_9641b-325x600.jpg;Parka avec col chemine?e;
Cae9;Femme - Manteaux;Cae;Chardon #6;319 €;http://www.cae-store.com/wp-content/uploads/2015/07/DSC_9644b-325x600.jpg;Manteau cocon;
Cae10;Homme - Chemise;Cae;Onagre #1;129 €;http://www.cae-store.com/wp-content/uploads/2015/07/DSC_9667b.jpg;Chemise coupe droite;
Cae11;Homme - Chemise;Cae;Onagre #2;129 €;http://www.cae-store.com/wp-content/uploads/2015/07/DSC_9670b-325x600.jpg;Chemise coupe droite;
Cae12;Homme - Chemise;Cae;Onagre #3;129 €;http://www.cae-store.com/wp-content/uploads/2015/07/DSC_9661b-325x600.jpg;Chemise coupe droite;
Cae13;Homme - Chemise;Cae;Onagre #4;129 €;http://www.cae-store.com/wp-content/uploads/2015/07/DSC_9664b-325x600.jpg;Chemise droite col mao;
Cae14;Homme - Manteaux;Cae;Absinthe #1;159 €;http://www.cae-store.com/wp-content/uploads/2015/07/DSC_9626c1-325x600.jpg;Veste coupe droite;
Cae15;Homme - Manteaux;Cae;Absinthe #2;159 €;http://www.cae-store.com/wp-content/uploads/2015/07/DSC_9674b-325x600.jpg;Veste coupe droite, col en velours;
Cae16;Homme - Manteaux;Cae;Absinthe #3;149 €;http://www.cae-store.com/wp-content/uploads/2015/07/DSC_9681b1-325x600.jpg;Veste coupe droite;
Cae17;Homme - Manteaux;Cae;Absinthe #4;149 €;http://www.cae-store.com/wp-content/uploads/2015/07/DSC_9677b-325x600.jpg;Veste coupe droite;
Cae18;Homme - Manteaux;Cae;Absinthe #5;319 €;http://www.cae-store.com/wp-content/uploads/2015/07/DSC_9688b-325x600.jpg;Manteau coupe droite;
Cae19;Homme - Manteaux;Cae;Absinthe #6;349 €;http://www.cae-store.com/wp-content/uploads/2015/07/DSC_9691b-325x600.jpg;Parka col chemine?e;
Cae20;Homme - Manteaux;Cae;Absinthe #7;329 €;http://www.cae-store.com/wp-content/uploads/2015/07/DSC_9683b-325x600.jpg;Bomber;
Wooop1;Femme - Sweat;wooop;Sweat Je Suis Une Princesse;33,90 €;https://wooop.fr/15010/sweat-femme-je-suis-une-princesse.jpg;par Alfred, le Français;
Wooop2;Femme - Sweat;wooop;"Sweat Imprimé ""Winter Is Coming""";33,90 €;https://wooop.fr/15493/sweat-femme-winter-is-coming.jpg;par Solti Balazs;
Wooop3;Femme - Sweat;wooop;"Sweat Tendance ""Jumbo Bubble Gum""";33,90 €;https://wooop.fr/15520/sweat-tendance-femme-jumbo-bubble-gum.jpg;par Terry Fan;
Wooop4;Femme - T-shirt;wooop;T-Shirt Je Suis Une Princesse;23,90 €;https://wooop.fr/14418/t-shirt-femme-je-suis-une-princesse.jpg;par Alfred, le Français;
Wooop5;Femme - Sweat;wooop;Sweat Recherche Sosie;33,90 €;https://wooop.fr/15003/sweat-recherche-sosie.jpg;par Mauvaises Habitudes;
Wooop6;Femme - Sweat;wooop;Sweat Bleu Râler;33,90 €;https://wooop.fr/16551/sweat-bleu-raler.jpg;par Alfred, le Français;
Wooop7;Femme - T-shirt;wooop;T-Shirt Je Suis Polie Putain;23,90 €;https://wooop.fr/14395/t-shirt-je-suis-polie-putain.jpg;par Alfred, le Français;
Wooop8;Femme - Sweat;wooop;Sweat Xmas is Coming;33,90 €;https://wooop.fr/16858/sweat-xmas-is-coming.jpg;par Solti Balazs;
Wooop9;Femme - T-shirt;wooop;T-Shirt Funny Panda;23,90 €;https://wooop.fr/16401/t-shirt-gris-femme-funny-panda.jpg;par Solti Balazs;
Wooop10;Femme - Sweat;wooop;Sweat Under The Rain;33,90 €;https://wooop.fr/15200/sweat-femme-under-the-rain.jpg;par Budi Satria Kwan;
Wooop11;Femme - Sweat;wooop;Sweat Flemme Olympique;33,90 €;https://wooop.fr/16830/sweat-flemme-olympique.jpg;par Les Barbus;
Wooop12;Femme - T-shirt;wooop;T-Shirt Je Veux un Chaton - Brodé;23,90 €;https://wooop.fr/16789/t-shirt-je-veux-un-chaton-brod%C3%A9.jpg;par Collection Noël;
Wooop13;Femme - Sweat;wooop;Sweat Santa Lion;33,90 €;https://wooop.fr/16856/sweat-santa-lion.jpg;par Solti Balazs;
Wooop14;Femme - T-shirt;wooop;T-Shirt Je Veux un Prince Charmant - Brodé;23,90 €;https://wooop.fr/16791/t-shirt-je-veux-un-prince-charmant-brod%C3%A9.jpg;par Collection Noël;
Wooop15;Femme - Sweat;wooop;Sweat Appelle-Moi Râleuse;33,90 €;https://wooop.fr/16333/sweat-appelle-moi-raleuse.jpg;par Appelle-Moi;
Wooop16;Femme - T-shirt;wooop;T-Shirt Dans le Pochon;23,90 €;https://wooop.fr/16827/t-shirt-dans-le-pochon.jpg;par Les Barbus;
Wooop17;Femme - T-shirt;wooop;T-Shirt Hipster Lion;23,90 €;https://wooop.fr/13802/t-shirt-femme-hipster-lion.jpg;par Solti Balazs;
Wooop18;Homme - Sweat;wooop;"Sweat Décalé ""Fuck Off""";33,90 €;https://wooop.fr/14698/sweat-d%C3%A9cal%C3%A9-fuck-off.jpg;par Spyck;
Wooop19;Homme - T-shirt;wooop;"T Shirt Geek ""Recherche Sosie""";23,90 €;https://wooop.fr/12876/t-shirt-geek-recherche-sosie.jpg;par Alfred, le Français;
Wooop20;Homme - Sweat;wooop;Sweat Je Suis Poli Putain;33,90 €;https://wooop.fr/14136/sweat-je-suis-poli-putain.jpg;par Alfred, le Français;
Wooop21;Homme - Sweat;wooop;Sweat Bleu Tête de Nœud - Brodé;33,90 €;https://wooop.fr/16751/sweat-bleu-t%C3%AAte-de-noeud-brod%C3%A9.jpg;par Collection Brodée;
Wooop22;Homme - Sweat;wooop;Sweat Boire;33,90 €;https://wooop.fr/16431/sweat-boire.jpg;par Mauvaises Habitudes;
Wooop23;Homme - T-shirt;wooop;T-Shirt Dans le Pochon;23,90 €;https://wooop.fr/16815/t-shirt-dans-le-pochon.jpg;par Les Barbus;
Wooop24;Homme - Sweat;wooop;"Sweat Original ""Cool Lion""";33,90 €;https://wooop.fr/14604/sweat-original-homme-cool-lion.jpg;par Solti Balazs;
Wooop25;Homme - Sweat;wooop;Sweat Noir Je Suis Poli Putain - Brodé;33,90 €;https://wooop.fr/16756/sweat-noir-je-suis-poli-putain-brod%C3%A9.jpg;par Collection Brodée;
Wooop26;Homme - T-shirt;wooop;"T-Shirt Original ""Chirac Yo""";23,90 €;https://wooop.fr/13783/t-shirt-original-chirac-yo.jpg;par ElsaFromIpanema;
Maisonlabiche1;Homme - Sweat;Maison Labiche;LA;95 €;http://www.maisonlabiche.com/webroot/upload/images/AW15%20HOMME%20SWEAT/AW15%20SWEAT%20GRIS%20LA15%20copie.jpg;"Sweatshirt """"LA"""" gris chiné de la collection permanente HANDS.";
Maisonlabiche2;Homme - Sweat;Maison Labiche;Diamond;105 €;http://www.maisonlabiche.com/webroot/upload/images/AW15%20HOMME%20HOODIE/AW15%20HOODIE%20BLEU%20DIAMOND2%20copie.jpg;"""Hoodie """"diamond"""" bleu chiné de la collection permanente HANDS.";
Maisonlabiche3;Homme - Sweat;Maison Labiche;99 Problems;95 €;http://www.maisonlabiche.com/webroot/upload/images/AW15%20HOMME%20SWEAT/AW15%20SWEAT%20BEIGE%2099P%202-R%C3%A9cup%C3%A9r%C3%A9.jpg;"Sweatshirt""""99 problems"""" beige chiné de la collection permanente PEOPLE&SONGS.";
Maisonlabiche4;Homme - Chemise;Maison Labiche;Chemise Denim;115 €;http://www.maisonlabiche.com/webroot/upload/images/Photos%20manquantes/AW15%20CHEMISE%20DENIM2%20copie%20copy.JPG;Chemise en denim japonais lavé;
Maisonlabiche5;Homme - T-shirt;Maison Labiche;Rock'n'roll;70 €;http://www.maisonlabiche.com/webroot/upload/images/AW15%20HOMME%20TEE/AW15%20MARINIERE%20ROUGE%20R'N'R%202-R%C3%A9cup%C3%A9r%C3%A9.jpg;"Mariniere """"rock'n'roll"""" de la collection permanente PEOPLE&SONGS.";
Maisonlabiche6;Homme - T-shirt;Maison Labiche;99 problems;55 €;http://www.maisonlabiche.com/webroot/upload/images/FW15%20HOMME%20TEE/AW15%20TEE%20BLANC%2099P%202%20copie%20copy.JPG;"""Teeshirt """"99 problems"""" blanc de la collection permanente PEOPLE&SONGS.";
Maisonlabiche7;Homme - T-shirt;Maison Labiche;99 problems;55 €;http://www.maisonlabiche.com/webroot/upload/images/FW15%20HOMME%20TEE/AW15%20TEE%20GRIS%2099%20Problems.jpg;"Teeshirt """"99 problems""""gris chiné de la collection permanente PEOPLE&SONGS.";
Maisonlabiche8;Homme - T-shirt;Maison Labiche;100 problems;55 €;http://www.maisonlabiche.com/webroot/upload/images/FW15%20HOMME%20TEE/AW15%20TEE%20GRIS%20FONCE%2099P%202%20%20copy.JPG;"Teeshirt """"99 problems""""gris chiné de la collection permanente PEOPLE&SONGS.";
Balzac1;Femme - T-shirt;Balzac Paris;Tee-shirt Sarrasine marine;60 €;http://www.balzac-paris.fr/wp-content/uploads/2015/02/TS_litteraire_marine-600x900.jpg;Maria porte le tee-shirt Sarrasine marine broderie dorée en taille S. ;
Balzac2;Femme - T-shirt;Balzac Paris;Sweat-shirt Honorine gris;95 €;http://www.balzac-paris.fr/wp-content/uploads/2015/02/SS_litteraire_gris1-600x900.jpg;Maria porte le sweat-shirt littéraire en taille S;
Balzac3;Femme - T-shirt;Balzac Paris;Sweat-shirt Honorine marine;95 €;http://www.balzac-paris.fr/wp-content/uploads/2015/02/SS_marine_bis-600x899.jpg;Maria porte le sweat-shirt littéraire en taille S ce qui correspond à du 36.  ;
Balzac4;Femme - T-shirt;Balzac Paris;Tee-shirt Sarrasine gris;60 €;http://www.balzac-paris.fr/wp-content/uploads/2015/02/Tee_shirt_litteraire_gris_1_web-600x900.jpg;Deedee porte le tee-shirt en S avec notre jupe Balzac Paris Emma noire.;
Balzac5;Femme - T-shirt;Balzac Paris;Tee-shirt Laetitia Casta;60 €;http://www.balzac-paris.fr/wp-content/uploads/2015/09/balzac_tshirt_coeur-3-600x600.jpg;Portrait chinois Laetitia Casta – « Dessine moi le bonheur »;
Balzac6;Femme - T-shirt;Balzac Paris;Tee-shirt Alfred Cointreau;60 €;http://www.balzac-paris.fr/wp-content/uploads/2015/09/balzac_tshirt_confiture-3-600x600.jpg;Portrait chinois Alfred Cointreau – « Dessine moi le bonheur »;
Balzac7;Femme - T-shirt;Balzac Paris;Tee-shirt Charlie Winston;60 €;http://www.balzac-paris.fr/wp-content/uploads/2015/09/balzac_tshirt_vol-5-600x600.jpg;Portrait chinois Charlie Winston – « Dessine moi le bonheur » ;